PlotKey,ACHY,ACLA,ACMI2,ADLE,AECY,AMUT,ARCO5,ARFR4,ARLU,ARNO4,ARPU9,ARTR2,ASAM5,ASTRA,ASTRA01,ASTRA2,ATCA2,ATCO,BOGR2,BRIN2,BRTE,BUNKF01,CELE3,CEMO2,CHDE,CHDE2,CHER2,CHVI8,COAR4,COHI4,COUM,COWRW,CRMI,DEPI,DRCU,ELEL5,ERCI6,ERCO27,ERIGE,ERIGE2,ERIGERON SP.,ERLE10,ERLO4,ERNA10,ERPU9,ERRA3,ERUM,GUSA2,HECO26,HEMU3,HETER8,HL,HYFI,IPPU4,IPRO,JUOS,KRLA2,LAOC3,LARE,LASE,LELU,LEMO2,LEMO3,LESA4,LIIN2,LODI,LOTR2,LUBA3,MAPI,MARE11,MAVU,None,OECA10,OPFR,OPPO,ORFA,PAMU11,PASM,PEBR9,PECE,PECR5,PENST,PEPU7,PEST2,PHAU3,PHHOC,PHLO2,PHRE9,PIDE4,PIED,PLJA,PLPA2,POBU,POFE,POPR,PUST,QUGA,RHTR,S,SATR12,SAUU3,SAVE4,SCLI,SEIN2,SPCO,SPCR,SYLO,TEIV,THAU3,TOAN,TRDU,TRDY,TRGY,UNKM,UNKSEEDLING,VUOC,WL,WYAR,WYLA,ZIPA2
150805120851910,0.006666666666666667,0,0,0,0,0,0,0,0,0,0,0.32,0,0,0,0,0,0,0.07333333333333333,0,0,0,0,0,0,0,0,0,0,0,0,0,0,0.006666666666666667,0,0.02666666666666667,0,0,0,0,0,0,0,0,0,0,0,0,0,0,0,0.5533333333333333,0,0,0,0,0,0,0,0,0,0,0,0,0,0,0,0,0,0,0,0.34,0,0,0.013333333333333334,0,0,0,0,0,0,0,0,0,0,0,0,0,0,0,0,0.006666666666666667,0,0.006666666666666667,0,0,0,0,0,0,0,0,0,0,0,0,0,0,0,0,0,0,0,0,0,0.006666666666666667,0.08666666666666667,0,0,0
150805121607907,0,0,0,0,0,0,0,0,0,0,0,0.23333333333333334,0,0,0,0,0,0,0.16666666666666666,0,0,0,0,0,0,0,0,0,0,0,0,0,0,0.013333333333333334,0,0.03333333333333333,0,0,0,0,0,0,0,0,0,0,0,0,0,0,0,0.4266666666666667,0,0,0,0.013333333333333334,0,0,0,0,0,0,0,0,0,0,0,0,0,0,0,0.3933333333333333,0,0,0.006666666666666667,0,0,0,0,0,0,0,0,0,0,0,0,0,0,0,0,0,0,0,0,0,0,0,0,0,0,0,0,0,0,0,0,0,0,0,0,0,0,0,0,0,0.04,0,0,0
160801150634615,0,0,0,0,0,0,0,0,0,0,0,0.22666666666666666,0,0,0,0,0,0,0.28,0,0,0,0,0,0,0,0.02666666666666667,0,0,0,0,0,0,0.013333333333333334,0.006666666666666667,0.18,0,0,0,0,0,0,0,0,0,0,0,0,0,0,0,0.5466666666666666,0,0,0,0,0,0,0.02666666666666667,0,0,0,0,0,0,0,0,0,0,0,0,0.24,0.006666666666666667,0,0.006666666666666667,0,0,0,0,0,0,0,0,0,0,0,0.006666666666666667,0,0,0,0,0,0,0,0,0,0,0,0,0,0,0,0,0,0,0,0,0,0,0,0,0,0,0,0,0.013333333333333334,0.13333333333333333,0,0,0
170801155134782,0,0,0,0,0,0,0,0,0,0,0,0.16,0,0,0,0,0,0,0,0,0,0,0,0,0.013333333333333334,0,0,0,0,0,0,0,0,0,0,0,0,0,0,0.006666666666666667,0,0,0,0,0,0,0,0.10666666666666667,0,0,0,0.6466666666666666,0,0,0,0,0,0,0,0,0,0,0,0,0,0,0,0,0,0,0,0.48,0,0.006666666666666667,0,0,0,0,0,0.006666666666666667,0,0,0.013333333333333334,0.006666666666666667,0,0,0,0,0,0,0,0,0,0.03333333333333333,0,0,0,0,0,0,0,0,0,0,0.006666666666666667,0,0,0,0,0,0,0.006666666666666667,0.013333333333333334,0,0,0,0.02666666666666667,0,0,0.006666666666666667
170922122250959,0,0,0,0,0,0,0,0,0,0,0,0.24,0,0,0,0,0,0,0.16,0,0,0,0,0,0,0,0.006666666666666667,0,0,0,0,0,0,0,0,0.11333333333333333,0,0,0,0,0,0,0,0,0,0,0,0,0,0,0,0.5866666666666667,0,0,0,0,0,0,0,0,0,0,0,0,0,0,0,0,0,0,0,0.5733333333333334,0,0,0.006666666666666667,0,0,0,0,0,0,0,0,0,0,0,0,0,0,0,0,0,0,0,0,0,0,0,0,0,0,0,0,0,0.006666666666666667,0,0,0,0,0,0,0,0,0,0,0,0.02666666666666667,0,0,0
1508051022469291,0.14666666666666667,0,0,0,0,0,0,0.006666666666666667,0,0,0,0.17333333333333334,0,0,0,0,0,0,0,0,0.06,0,0,0,0,0,0,0,0,0,0,0,0,0,0,0.14,0,0.013333333333333334,0,0,0,0,0,0,0,0,0,0.006666666666666667,0,0,0,0.7333333333333333,0,0,0,0,0,0.07333333333333333,0,0,0,0,0,0,0,0,0,0,0,0,0,0.16666666666666666,0,0,0,0,0,0,0,0,0,0,0,0,0,0,0,0,0,0,0,0,0,0,0,0,0,0,0.006666666666666667,0.08,0,0,0.04666666666666667,0,0.09333333333333334,0,0,0,0,0,0,0,0,0,0,0,0.02666666666666667,0,0,0
1508051100345780,0.02,0,0,0,0,0,0,0,0,0,0,0.22,0,0,0,0,0,0,0,0,0,0,0,0,0,0,0,0,0,0,0,0,0,0,0,0.07333333333333333,0,0,0,0,0,0,0,0,0,0,0,0.006666666666666667,0,0,0,0.36,0,0,0,0,0,0,0,0,0,0,0,0,0,0,0,0,0,0,0,0.5466666666666666,0.006666666666666667,0,0,0,0,0,0,0,0,0,0,0,0,0,0,0,0,0,0,0,0,0,0,0,0,0,0,0,0,0,0,0,0.03333333333333333,0,0,0,0,0,0,0,0,0,0,0,0,0,0,0
1508051105196584,0.02666666666666667,0,0,0,0,0,0,0,0,0.08,0,0,0,0,0,0,0,0,0.12666666666666668,0,0.006666666666666667,0,0,0,0,0.006666666666666667,0,0,0,0,0,0,0,0,0,0.03333333333333333,0,0,0,0,0,0,0,0,0,0,0,0.02,0.08,0,0,0.54,0,0,0,0,0,0,0,0,0,0,0,0,0,0,0,0,0,0,0,0.26666666666666666,0,0,0,0,0,0.04,0,0,0,0,0,0,0.02,0,0,0,0,0.04,0.05333333333333334,0,0,0,0,0,0,0,0,0,0,0,0.006666666666666667,0,0,0.013333333333333334,0,0,0,0,0,0,0,0,0,0,0.02,0,0,0
1508051136128282,0.006666666666666667,0,0,0,0,0,0,0,0,0.02,0,0.1,0,0,0,0,0,0,0.17333333333333334,0,0,0,0,0,0,0.013333333333333334,0.07333333333333333,0,0,0,0,0,0,0.006666666666666667,0,0.04666666666666667,0,0.006666666666666667,0,0,0,0,0,0,0,0,0,0.006666666666666667,0.09333333333333334,0,0,0.49333333333333335,0,0.006666666666666667,0,0.013333333333333334,0,0.006666666666666667,0,0,0,0,0.006666666666666667,0,0,0,0,0,0,0,0,0.25333333333333335,0,0,0.02,0,0,0,0,0,0,0,0,0,0,0,0,0,0,0,0.15333333333333332,0.006666666666666667,0,0,0,0,0,0,0,0,0,0,0,0,0,0,0,0,0,0,0,0,0,0,0,0,0.02,0,0,0
1508051139299967,0,0,0,0,0,0,0,0,0,0,0,0.11333333333333333,0,0,0,0,0,0,0.3466666666666667,0,0.04,0,0,0,0,0,0,0,0,0,0,0,0,0,0,0.04666666666666667,0,0,0,0,0,0,0,0,0,0,0,0,0.006666666666666667,0,0,0.58,0,0,0,0,0,0.02666666666666667,0,0,0,0,0,0,0,0,0,0,0,0,0,0.16666666666666666,0,0,0,0,0,0,0,0,0,0,0,0,0,0,0,0,0,0,0.14666666666666667,0.006666666666666667,0,0,0,0,0,0,0,0,0,0,0.013333333333333334,0,0.02666666666666667,0,0,0,0,0,0,0,0,0,0,0,0.04,0,0,0
1508051144558892,0.02,0,0,0,0,0,0,0,0,0.013333333333333334,0,0,0,0.02,0,0.02,0,0,0,0,0,0,0,0,0,0.006666666666666667,0,0,0,0,0,0,0.006666666666666667,0,0,0,0,0,0,0,0,0,0,0,0,0,0,0,0.03333333333333333,0,0,0.2733333333333333,0,0,0,0,0,0,0,0,0,0,0.006666666666666667,0,0,0,0,0,0,0,0,0.6133333333333333,0,0,0,0,0,0,0,0,0,0,0.09333333333333334,0,0.013333333333333334,0,0,0,0,0,0.05333333333333334,0,0,0,0,0,0,0,0,0,0,0,0,0,0,0,0,0,0,0,0,0,0,0,0,0,0,0,0,0
1508051156589598,0.02,0,0,0,0,0,0,0,0,0,0,0.02,0,0,0,0,0,0,0.46,0,0,0,0,0,0,0,0,0,0,0,0,0,0,0,0,0.04666666666666667,0,0,0,0,0,0,0,0,0,0,0,0.1,0,0,0,0.5866666666666667,0,0,0,0,0,0.06666666666666667,0,0,0,0,0,0,0,0,0,0,0,0,0,0.09333333333333334,0,0,0.013333333333333334,0,0,0,0,0,0,0,0,0,0,0,0.006666666666666667,0,0,0,0.08666666666666667,0,0,0,0,0,0,0,0,0.02,0,0,0,0,0.013333333333333334,0,0,0,0,0,0,0,0,0,0,0,0.04666666666666667,0,0,0
1508051202366351,0,0,0,0,0,0,0,0,0,0,0,0.15333333333333332,0,0,0,0,0,0,0.28,0,0.006666666666666667,0,0,0,0,0,0,0,0,0,0,0,0,0,0,0.04,0,0.006666666666666667,0,0,0,0,0,0,0,0,0,0.006666666666666667,0,0,0,0.4666666666666667,0,0,0,0,0,0.006666666666666667,0,0,0,0,0,0,0,0,0,0,0,0,0,0.26666666666666666,0,0,0,0,0,0,0,0,0,0,0,0,0,0,0,0,0,0,0,0.013333333333333334,0,0,0,0,0,0,0,0,0,0,0,0,0.013333333333333334,0,0,0,0,0,0,0,0,0,0,0.013333333333333334,0,0,0,0
1508051204495673,0,0,0,0,0,0,0,0,0,0,0,0.21333333333333335,0,0,0,0,0,0,0.21333333333333335,0,0,0,0,0,0,0,0,0,0,0,0,0,0,0,0,0,0,0.006666666666666667,0,0,0,0,0,0,0,0,0,0.04666666666666667,0.013333333333333334,0,0,0.6133333333333333,0.006666666666666667,0,0.013333333333333334,0,0,0,0,0,0,0,0,0,0,0,0,0,0,0,0,0.22,0,0,0,0,0.04,0,0,0,0,0,0.013333333333333334,0,0,0,0,0,0,0,0.05333333333333334,0,0,0.013333333333333334,0,0,0,0,0,0,0,0,0,0,0,0,0,0,0,0,0,0,0,0,0,0,0.013333333333333334,0,0,0
1508051212509458,0,0,0,0,0,0,0,0,0,0,0,0.2866666666666667,0,0,0,0,0,0,0.17333333333333334,0,0,0,0,0,0,0,0,0,0,0,0,0,0,0,0,0.06666666666666667,0,0,0,0,0,0,0,0,0,0,0,0,0,0,0,0.46,0,0,0,0,0,0,0,0,0,0,0,0,0,0,0,0,0,0,0,0.3933333333333333,0,0,0,0,0,0,0,0,0,0,0,0,0,0,0,0,0,0,0,0,0,0,0,0,0,0,0,0,0,0,0,0,0.006666666666666667,0,0,0,0,0,0,0,0,0,0,0.006666666666666667,0.02,0,0,0
1508051218146294,0,0,0,0,0,0,0,0,0,0,0,0.11333333333333333,0,0,0,0,0,0,0.28,0,0,0,0,0,0,0.006666666666666667,0.03333333333333333,0,0,0,0,0,0,0,0,0.02666666666666667,0,0,0,0,0,0,0,0,0,0,0,0.02666666666666667,0.03333333333333333,0,0,0.6733333333333333,0,0,0,0,0,0,0,0,0,0,0,0,0,0,0,0,0,0,0,0.16,0,0,0,0,0,0,0,0,0,0,0,0,0,0,0.006666666666666667,0,0,0,0.006666666666666667,0,0,0.02,0,0,0,0,0,0,0,0,0,0,0.04,0,0,0,0,0,0,0,0,0,0,0,0.09333333333333334,0,0,0
1606201300303077,0,0,0,0,0,0,0,0,0,0.04,0,0.12666666666666668,0,0,0,0,0,0,0,0,0.04666666666666667,0,0,0,0,0,0.006666666666666667,0,0,0,0,0,0,0.006666666666666667,0,0.10666666666666667,0,0,0,0,0,0,0,0,0,0,0,0.02666666666666667,0,0,0,0.5266666666666666,0,0,0,0,0,0,0.02,0,0,0,0,0,0,0,0,0,0,0,0,0.36,0,0,0.006666666666666667,0,0,0.04,0.006666666666666667,0,0,0,0,0,0,0,0,0,0,0,0,0,0,0,0,0,0,0,0,0,0,0,0.02,0,0.02,0,0,0,0,0,0,0,0,0,0,0,0.04,0,0,0
1606280717268421,0,0,0,0,0,0,0,0.013333333333333334,0,0.16666666666666666,0,0.013333333333333334,0,0,0,0,0,0,0.09333333333333334,0,0,0,0,0,0,0.006666666666666667,0,0,0,0,0,0,0,0,0,0.08666666666666667,0,0,0,0,0,0,0,0,0.006666666666666667,0,0,0.013333333333333334,0,0,0,0.4866666666666667,0,0,0,0,0.02666666666666667,0,0,0,0,0,0,0,0,0,0,0,0,0,0,0.3466666666666667,0,0,0,0,0,0,0,0,0,0,0,0,0,0,0,0,0,0,0.04,0,0,0,0,0,0,0,0,0,0,0,0,0,0.006666666666666667,0,0,0,0,0,0,0,0,0,0,0,0.05333333333333334,0,0,0
1606280946049792,0.02,0,0,0,0,0,0,0,0,0.14666666666666667,0,0.006666666666666667,0,0,0,0,0.006666666666666667,0,0.02666666666666667,0,0.08,0,0,0,0,0,0,0.006666666666666667,0,0,0,0,0,0,0,0.14666666666666667,0,0,0,0,0.013333333333333334,0,0,0,0,0,0,0.006666666666666667,0,0,0,0.4866666666666667,0.006666666666666667,0,0,0,0,0,0,0,0,0,0,0,0,0,0,0,0,0,0,0.31333333333333335,0,0,0,0,0.006666666666666667,0,0,0,0,0,0,0,0,0,0,0,0,0,0,0.04,0,0,0,0,0,0,0,0,0,0.18666666666666668,0,0,0.02,0,0,0,0,0,0,0,0,0,0,0,0.05333333333333334,0,0,0
1606281439595087,0.013333333333333334,0,0,0,0,0,0,0,0,0,0,0.06666666666666667,0,0,0,0,0,0,0.013333333333333334,0,0.26,0,0,0,0,0,0,0,0,0,0,0,0,0,0,0.006666666666666667,0,0,0,0,0,0,0,0.006666666666666667,0,0,0,0.12,0,0,0,0.6866666666666666,0,0,0,0,0,0,0.006666666666666667,0,0,0,0,0.006666666666666667,0,0,0,0,0,0,0.006666666666666667,0.2,0,0,0,0,0,0.02666666666666667,0,0,0,0,0,0,0,0,0,0,0,0,0,0,0,0,0,0,0,0,0,0,0.02,0,0,0,0.02666666666666667,0,0,0,0,0,0,0,0,0,0,0,0.05333333333333334,0,0,0
1606281607269949,0.006666666666666667,0,0,0,0,0,0,0,0,0,0,0.12666666666666668,0,0,0,0,0,0,0,0,0,0,0,0,0,0,0.013333333333333334,0,0,0,0,0,0,0,0,0.08,0,0,0,0,0,0,0,0,0,0,0,0.16666666666666666,0,0,0,0.2733333333333333,0,0,0,0,0,0,0,0,0,0,0,0,0,0,0,0,0,0,0,0.38666666666666666,0,0,0.006666666666666667,0,0,0,0,0,0,0,0,0,0,0,0,0.006666666666666667,0,0,0.006666666666666667,0,0,0,0,0,0,0,0,0,0,0,0.02666666666666667,0,0.013333333333333334,0,0,0,0,0,0,0,0,0,0,0,0.11333333333333333,0,0,0
1606291521264362,0,0,0,0,0,0,0,0,0,0.22,0,0.05333333333333334,0,0,0,0,0,0,0,0,0,0,0,0,0,0,0,0.013333333333333334,0,0,0,0,0,0,0,0.006666666666666667,0,0,0,0,0,0,0,0,0,0,0,0.03333333333333333,0,0,0,0.38666666666666666,0,0,0,0,0,0,0,0,0,0,0,0,0,0,0,0,0,0,0,0.5266666666666666,0,0,0,0,0,0,0,0,0,0,0,0,0,0,0,0,0,0,0,0,0,0,0,0,0,0,0,0,0,0,0,0,0.006666666666666667,0,0,0,0,0,0,0,0,0,0,0,0.006666666666666667,0,0,0
1606291533382155,0,0,0,0,0,0,0,0,0,0,0,0.23333333333333334,0,0,0,0,0,0,0,0,0,0,0,0,0,0,0,0,0,0,0,0,0,0.006666666666666667,0,0.006666666666666667,0,0,0,0,0,0.04666666666666667,0,0,0,0,0,0.02666666666666667,0,0,0,0.4866666666666667,0,0,0,0,0,0,0,0,0,0,0,0,0,0,0,0,0,0,0,0.4666666666666667,0,0,0,0,0.006666666666666667,0,0,0,0,0,0,0,0,0,0,0,0,0,0,0,0,0,0,0,0,0,0,0,0,0,0,0,0,0,0,0,0,0,0,0,0,0,0,0,0.006666666666666667,0,0,0
1606301437015102,0.02666666666666667,0,0,0.006666666666666667,0,0,0,0.10666666666666667,0,0.21333333333333335,0,0.10666666666666667,0,0,0,0,0,0,0,0,0.04,0,0,0,0,0,0,0,0,0,0,0,0,0,0,0.013333333333333334,0,0,0,0,0,0,0,0,0,0,0,0.006666666666666667,0,0,0,0.29333333333333333,0,0,0,0,0.013333333333333334,0,0,0,0,0,0,0,0,0,0,0,0,0,0,0.4,0,0,0,0,0,0,0,0,0,0,0,0,0,0,0.006666666666666667,0,0,0,0,0,0,0,0,0,0,0,0,0,0,0,0,0,0,0,0,0,0,0,0,0,0,0,0,0,0.02666666666666667,0,0,0
1607111014145983,0,0,0,0,0,0,0,0,0,0,0,0,0,0,0,0,0,0,0,0,0.16,0.006666666666666667,0,0,0,0,0.006666666666666667,0,0,0,0,0,0,0,0,0.006666666666666667,0.03333333333333333,0,0,0,0,0,0,0,0,0,0,0,0,0,0,0.7066666666666667,0,0,0,0,0,0,0,0,0,0,0,0,0,0,0,0,0,0,0,0.10666666666666667,0,0,0,0,0,0.13333333333333333,0,0,0,0,0,0,0,0,0,0,0,0,0.19333333333333333,0,0,0,0,0,0,0,0,0,0,0.11333333333333333,0,0,0.11333333333333333,0,0,0,0,0,0.02,0,0,0.006666666666666667,0,0,0.02,0,0,0
1607111146582435,0,0,0,0,0,0,0,0.05333333333333334,0,0,0,0,0,0,0,0,0.02666666666666667,0,0,0,0,0,0,0,0,0,0,0,0,0,0,0,0,0,0,0.06666666666666667,0,0,0,0,0,0,0,0,0,0,0,0,0,0,0,0.23333333333333334,0,0,0,0,0.04,0,0,0,0,0,0,0,0,0,0,0,0,0,0,0.64,0,0,0,0,0,0,0,0,0,0,0,0,0,0,0,0,0,0,0,0,0,0,0,0,0,0,0,0,0,0.03333333333333333,0,0,0.07333333333333333,0,0,0,0,0,0,0,0,0,0,0,0.013333333333333334,0,0,0
1607111240211548,0,0,0,0,0,0,0,0,0,0.02666666666666667,0,0,0,0,0.09333333333333334,0,0,0,0,0,0,0,0,0,0,0.013333333333333334,0,0,0,0,0,0,0,0,0,0,0,0,0,0,0,0,0.02666666666666667,0,0,0,0,0.02,0,0,0,0.25333333333333335,0,0,0,0,0,0,0,0,0,0,0,0,0,0,0,0,0,0,0,0.6733333333333333,0,0,0,0,0,0,0,0,0,0,0,0,0,0.006666666666666667,0,0,0.06666666666666667,0,0,0,0,0,0,0,0,0,0,0,0,0,0,0,0,0,0,0,0,0,0,0,0,0,0,0,0,0,0,0
1607111328229217,0.013333333333333334,0,0,0,0,0,0,0,0,0,0.03333333333333333,0.21333333333333335,0,0,0,0,0,0,0.14666666666666667,0,0,0,0,0,0,0,0.02666666666666667,0.006666666666666667,0,0,0,0,0,0,0.013333333333333334,0.09333333333333334,0,0,0,0.006666666666666667,0,0,0,0,0,0,0,0.04,0.02666666666666667,0,0,0.42,0,0,0,0,0,0,0,0,0,0,0,0,0,0,0,0,0.03333333333333333,0,0,0.30666666666666664,0,0,0,0,0.04,0,0,0,0,0,0,0,0,0,0,0,0,0,0.04666666666666667,0.006666666666666667,0,0,0,0,0,0,0,0,0,0,0.04,0,0.03333333333333333,0,0,0,0,0,0,0,0,0,0,0.006666666666666667,0.05333333333333334,0,0,0
1607111428409105,0,0,0,0,0,0,0,0.013333333333333334,0,0.02,0,0.06,0,0,0,0,0,0,0.03333333333333333,0,0,0,0,0,0,0,0,0.006666666666666667,0,0,0,0,0,0,0,0.14666666666666667,0,0,0,0,0,0,0,0,0,0,0,0.03333333333333333,0,0,0,0.44666666666666666,0,0,0,0,0.22666666666666666,0,0.02,0,0,0,0,0,0,0,0,0,0,0,0,0.41333333333333333,0,0,0,0,0,0,0,0,0,0,0,0,0,0,0,0,0,0,0,0,0,0,0,0,0,0,0,0,0,0,0,0,0.04,0,0,0,0,0,0,0,0,0,0,0,0.013333333333333334,0,0,0
1607111528245758,0,0,0,0,0,0,0,0,0,0.12,0,0,0,0,0,0,0.006666666666666667,0,0.02,0,0,0,0,0,0,0,0,0,0,0,0,0,0,0,0,0.006666666666666667,0,0,0,0,0,0,0.006666666666666667,0,0,0,0,0,0.006666666666666667,0,0,0.48,0,0,0,0,0,0,0,0,0,0,0,0,0,0,0,0,0,0,0,0.23333333333333334,0,0,0,0,0,0.34,0,0,0,0,0,0,0,0,0.006666666666666667,0.006666666666666667,0,0,0.11333333333333333,0,0,0,0,0,0,0,0,0,0,0,0,0,0.006666666666666667,0,0,0,0,0,0,0,0,0,0,0,0.02666666666666667,0,0,0
1607111630033469,0.02,0,0,0,0,0,0,0,0,0.12666666666666668,0,0.013333333333333334,0,0,0,0,0,0,0,0,0.14,0,0,0,0,0,0.013333333333333334,0.07333333333333333,0,0,0,0,0,0.006666666666666667,0,0.02666666666666667,0,0,0,0,0,0,0.013333333333333334,0,0,0,0,0,0,0,0,0.3466666666666667,0,0,0,0,0,0,0,0,0,0,0,0,0,0,0,0,0,0,0,0.4866666666666667,0,0,0.006666666666666667,0,0,0,0,0,0,0,0,0,0,0,0,0,0,0,0.06666666666666667,0,0,0,0,0,0,0,0,0,0.006666666666666667,0.006666666666666667,0,0,0,0,0,0,0,0,0,0,0,0,0,0,0.02666666666666667,0,0,0
1607130836562783,0,0,0,0,0,0,0,0.006666666666666667,0,0.006666666666666667,0,0,0,0,0,0,0.006666666666666667,0,0,0,0.09333333333333334,0,0,0,0,0,0,0.006666666666666667,0,0,0,0,0,0,0,0.02,0,0,0,0,0,0,0,0,0,0,0,0.02666666666666667,0,0,0,0.25333333333333335,0,0,0,0,0,0,0,0,0,0,0,0,0,0,0,0,0,0,0,0.44666666666666666,0,0,0,0,0,0.16,0,0,0,0,0,0,0,0,0,0,0,0,0,0,0,0,0,0,0,0,0,0,0,0.17333333333333334,0,0,0.02,0,0,0,0,0,0,0,0,0,0,0,0.013333333333333334,0,0,0
1607141548239289,0,0,0,0,0,0,0,0,0,0.3,0,0,0,0,0,0,0,0,0,0,0,0,0,0,0,0.04,0,0.02,0,0,0,0,0,0,0,0,0,0,0,0,0,0,0.013333333333333334,0,0,0,0,0,0,0,0,0.36,0,0,0,0,0.006666666666666667,0,0,0,0,0,0,0,0,0,0,0,0,0,0,0.4666666666666667,0,0,0,0,0.03333333333333333,0,0.006666666666666667,0,0,0,0,0,0,0.013333333333333334,0,0.006666666666666667,0,0,0,0,0,0,0,0,0,0,0,0,0,0,0,0,0,0,0,0,0,0,0,0,0,0,0,0,0.02666666666666667,0,0,0
1607150747523106,0.04666666666666667,0,0,0,0,0,0,0,0,0,0,0.10666666666666667,0,0,0,0,0,0,0,0,0,0,0,0,0,0,0.04666666666666667,0,0,0,0,0,0,0,0,0.16666666666666666,0,0,0,0,0,0,0,0,0,0,0,0.013333333333333334,0.02,0,0,0.6,0,0,0,0,0,0,0.006666666666666667,0,0,0,0,0,0,0,0,0,0,0,0,0.3,0,0,0.006666666666666667,0,0,0,0,0,0,0,0,0,0,0,0.006666666666666667,0.006666666666666667,0,0,0,0,0,0,0,0,0,0,0,0,0.013333333333333334,0,0,0,0.05333333333333334,0,0,0,0,0,0.006666666666666667,0,0,0,0,0,0.07333333333333333,0,0,0
1607150848543124,0,0,0,0,0,0,0,0,0,0,0,0.06,0,0,0,0,0,0,0.23333333333333334,0,0,0,0,0,0,0,0.20666666666666667,0,0,0,0,0,0,0,0,0.06666666666666667,0,0,0,0,0.006666666666666667,0,0,0,0,0,0,0.006666666666666667,0.21333333333333335,0,0,0.7266666666666667,0,0,0,0,0,0,0.02666666666666667,0,0,0,0,0,0,0,0,0,0,0,0,0.12,0,0,0,0,0,0,0,0,0,0,0,0,0,0,0.006666666666666667,0,0,0,0.08,0,0,0,0,0,0,0,0,0,0,0,0.006666666666666667,0,0.02,0,0,0,0,0,0,0,0,0,0,0,0.02666666666666667,0,0,0
1607151106423529,0,0,0,0,0,0,0,0,0,0.22666666666666666,0,0,0,0,0,0,0,0,0,0,0,0,0,0,0,0,0,0.11333333333333333,0,0,0,0,0,0.006666666666666667,0,0,0,0,0,0,0,0,0.006666666666666667,0,0,0,0,0,0,0,0,0.47333333333333333,0,0,0,0,0,0,0,0,0,0,0,0,0,0,0,0,0,0,0,0.2866666666666667,0,0,0,0,0,0.10666666666666667,0,0,0,0,0,0,0,0,0,0,0,0,0.09333333333333334,0,0,0,0,0,0,0,0,0,0,0,0,0,0.02,0,0,0,0,0,0,0,0,0,0,0,0.04666666666666667,0,0,0
1607221316417331,0.03333333333333333,0,0,0,0,0,0,0.03333333333333333,0,0.013333333333333334,0,0.09333333333333334,0,0,0,0,0.006666666666666667,0,0,0,0.08666666666666667,0,0,0,0,0,0,0,0,0,0,0,0,0,0,0.25333333333333335,0,0,0,0,0,0,0,0,0,0,0,0.02,0,0,0,0.64,0,0,0,0,0.06,0,0,0,0,0,0,0,0,0,0,0,0,0,0,0.19333333333333333,0,0,0,0,0,0.03333333333333333,0,0,0,0,0,0,0,0,0,0,0,0,0.02,0,0,0,0,0,0,0,0,0,0.006666666666666667,0,0,0,0.06,0,0,0,0,0,0,0,0,0,0,0,0.05333333333333334,0,0,0
1607261242373761,0,0,0,0,0,0,0,0,0,0.006666666666666667,0.006666666666666667,0.16,0,0,0,0,0,0,0,0,0,0,0,0,0,0.006666666666666667,0,0.006666666666666667,0,0,0,0,0,0,0,0.013333333333333334,0,0,0,0,0,0,0,0,0,0,0,0.02666666666666667,0,0,0,0.42,0,0,0,0,0,0,0.006666666666666667,0,0,0,0,0,0,0,0,0,0,0,0,0.47333333333333333,0,0,0.006666666666666667,0,0,0,0,0,0,0,0.04666666666666667,0,0,0,0,0,0,0,0,0,0,0,0,0,0,0,0,0,0,0,0.006666666666666667,0,0.03333333333333333,0,0,0,0,0,0,0,0,0,0,0,0.02,0,0,0
1607261400403713,0.1,0,0,0,0,0,0,0,0,0.013333333333333334,0,0.02,0.006666666666666667,0,0,0,0.006666666666666667,0,0,0,0.06666666666666667,0,0,0,0,0.006666666666666667,0.04666666666666667,0.02,0,0,0,0,0,0,0,0.09333333333333334,0,0,0,0,0.006666666666666667,0,0,0,0,0,0,0.006666666666666667,0.02,0,0,0.6066666666666667,0,0,0,0,0.05333333333333334,0,0,0,0,0.02666666666666667,0,0,0,0,0,0,0,0,0,0.26666666666666666,0,0,0,0,0,0.09333333333333334,0,0,0,0,0,0,0,0,0,0,0,0,0.04666666666666667,0,0,0,0,0,0,0,0,0,0,0,0,0,0.013333333333333334,0,0,0,0,0,0,0,0,0,0,0,0.013333333333333334,0,0,0
1607261513153310,0.06,0,0,0,0,0,0,0,0,0.06,0,0,0,0,0,0,0,0,0,0,0,0,0,0,0,0,0,0.16,0,0,0,0.006666666666666667,0,0,0,0.02666666666666667,0,0,0,0,0,0.02,0,0,0,0,0,0,0,0,0,0.18,0,0,0,0,0,0,0,0,0,0,0,0,0,0,0,0,0,0,0,0.5733333333333334,0,0,0,0,0,0,0,0,0,0,0,0,0,0,0,0,0,0,0,0,0,0,0,0,0,0,0,0,0,0,0,0,0.02,0,0,0,0,0,0,0,0,0,0,0,0.02666666666666667,0,0,0
1607261607234304,0.013333333333333334,0,0,0,0,0,0,0,0,0,0,0.013333333333333334,0,0,0,0,0.006666666666666667,0,0.14,0,0.56,0,0,0,0,0,0,0,0,0,0,0,0,0,0,0.12666666666666668,0.03333333333333333,0,0,0,0,0,0,0,0,0,0,0,0,0,0,0.6666666666666666,0,0,0,0,0.04666666666666667,0,0,0,0,0,0,0,0,0,0,0,0,0,0,0.06,0,0,0,0,0,0,0,0,0,0,0,0,0,0,0,0,0,0,0,0,0,0,0,0,0,0,0,0,0,0,0,0,0.006666666666666667,0,0,0,0.06666666666666667,0,0,0,0,0,0,0,0.02,0,0,0
1607270743351840,0,0,0,0,0,0,0,0.006666666666666667,0,0.006666666666666667,0,0.1,0,0,0,0,0.006666666666666667,0,0.06666666666666667,0,0.1,0,0,0,0,0,0,0.006666666666666667,0,0,0,0,0,0,0,0.12666666666666668,0.006666666666666667,0,0,0,0,0,0,0,0,0,0,0.013333333333333334,0,0,0,0.34,0,0,0,0,0,0,0,0,0,0,0,0,0,0,0,0,0,0,0,0.41333333333333333,0,0,0,0,0,0,0,0,0,0,0,0,0,0,0,0,0,0,0,0.006666666666666667,0,0,0,0,0,0,0,0,0,0.04666666666666667,0,0,0.04,0,0,0,0,0,0,0,0,0,0,0,0.10666666666666667,0,0,0
1607270831559672,0,0,0,0,0,0,0,0,0,0,0,0.16666666666666666,0,0,0,0,0,0,0.32,0,0,0,0,0,0,0,0,0,0,0,0,0,0,0.006666666666666667,0,0.04666666666666667,0,0,0,0,0,0,0.006666666666666667,0,0,0,0,0.006666666666666667,0,0,0,0.6333333333333333,0,0,0,0,0,0,0.006666666666666667,0,0,0,0,0,0,0,0,0,0,0,0,0.2,0,0,0,0,0,0,0,0,0,0,0,0,0,0,0.006666666666666667,0,0,0,0.02,0.09333333333333334,0,0,0,0,0,0,0,0,0,0,0,0,0.006666666666666667,0,0,0,0,0,0,0,0,0,0,0.10666666666666667,0.05333333333333334,0,0,0
1608011232206899,0,0,0,0,0,0,0,0,0,0,0,0.16666666666666666,0,0,0,0,0,0,0.28,0,0,0,0,0,0,0,0,0,0,0,0,0,0,0,0,0.14666666666666667,0,0,0,0,0.006666666666666667,0,0,0,0,0,0,0,0,0,0,0.6466666666666666,0,0,0,0,0,0,0.013333333333333334,0,0,0,0,0,0,0,0,0,0,0,0,0.16666666666666666,0,0,0.006666666666666667,0,0,0,0,0,0,0,0,0,0,0,0.02,0,0,0,0,0.006666666666666667,0,0,0,0,0,0,0,0,0,0,0,0,0.1,0,0,0,0,0,0,0,0,0,0,0,0.14666666666666667,0,0,0
1608011631023302,0.006666666666666667,0,0,0.02666666666666667,0,0,0,0.013333333333333334,0,0.12,0,0.013333333333333334,0,0,0,0,0.013333333333333334,0,0,0,0.013333333333333334,0,0,0,0,0,0.013333333333333334,0.11333333333333333,0,0,0,0,0,0,0,0.16,0,0,0,0,0,0,0.006666666666666667,0,0,0,0,0,0.04666666666666667,0,0,0.6133333333333333,0,0,0,0,0,0,0,0,0,0,0,0,0,0,0,0,0,0,0,0.3333333333333333,0,0,0,0,0,0,0,0,0,0,0,0,0,0,0,0.006666666666666667,0,0,0,0,0,0,0,0,0,0,0,0,0,0,0,0,0.013333333333333334,0,0,0,0,0,0,0,0,0,0,0,0.02,0,0,0
1608021636033656,0,0,0,0,0,0,0,0.08666666666666667,0,0,0,0.013333333333333334,0,0,0,0,0,0,0,0,0,0,0,0,0,0,0,0.04,0,0,0,0,0,0,0,0.08,0,0,0,0,0,0,0,0,0,0,0,0.013333333333333334,0,0,0,0.5066666666666667,0,0,0,0,0.14,0,0,0,0,0,0,0,0,0,0,0,0,0,0,0.3333333333333333,0,0,0,0.006666666666666667,0,0.08666666666666667,0,0,0,0,0,0,0,0,0,0,0,0,0,0,0,0,0,0,0,0,0,0,0,0,0,0,0.02666666666666667,0,0,0,0,0,0,0,0,0,0,0,0.02,0,0,0
1608031358567749,0.09333333333333334,0,0,0,0,0,0,0,0,0,0,0.2733333333333333,0,0,0,0,0,0,0.02666666666666667,0,0,0,0,0,0,0,0.02666666666666667,0,0,0,0,0,0,0,0,0.23333333333333334,0,0,0,0,0.006666666666666667,0,0,0,0,0,0,0.006666666666666667,0.013333333333333334,0,0,0.58,0,0,0,0,0,0,0,0,0,0,0,0,0,0,0,0,0,0,0,0.20666666666666667,0,0,0,0,0,0,0,0,0,0,0,0,0,0,0,0,0,0,0,0,0,0,0,0,0,0,0,0,0,0,0.02666666666666667,0,0.02,0,0,0,0,0.006666666666666667,0,0,0,0,0,0,0.013333333333333334,0,0,0
1608031508414280,0.013333333333333334,0,0,0.013333333333333334,0,0,0,0,0,0.26666666666666666,0,0,0,0,0,0,0,0.006666666666666667,0.013333333333333334,0,0.013333333333333334,0,0,0,0,0,0.03333333333333333,0,0,0,0,0,0,0.006666666666666667,0,0.08666666666666667,0,0,0,0,0,0,0,0,0,0,0,0.02,0,0,0,0.5466666666666666,0,0,0,0,0.006666666666666667,0,0,0,0,0,0,0,0,0,0,0,0,0,0,0.3,0,0,0.013333333333333334,0,0,0.006666666666666667,0,0,0,0,0,0,0,0,0,0.013333333333333334,0,0,0.02666666666666667,0,0,0,0,0,0,0,0,0,0,0,0,0,0.03333333333333333,0,0,0,0,0,0,0,0,0,0.006666666666666667,0,0.02,0,0,0
1608040733521244,0.006666666666666667,0,0,0,0,0,0,0,0,0.15333333333333332,0,0,0,0,0,0,0,0,0,0,0,0,0,0,0,0,0,0.08,0,0,0,0,0,0,0.006666666666666667,0.04,0,0,0,0,0,0,0,0,0,0,0,0,0,0,0,0.44,0,0,0,0,0.10666666666666667,0,0,0,0,0,0,0,0,0,0,0,0,0,0,0.41333333333333333,0,0,0,0,0,0,0,0,0,0,0,0,0,0,0,0,0,0,0,0,0,0,0,0,0,0,0,0,0,0,0,0,0.02666666666666667,0,0,0,0,0,0,0,0,0,0,0,0.02666666666666667,0,0,0
1611211120272718,0,0,0,0,0,0,0,0,0,0.07333333333333333,0,0,0,0,0,0,0,0,0,0,0,0,0,0,0,0,0,0,0,0,0,0,0,0,0,0.006666666666666667,0,0,0,0,0,0,0.02,0,0,0,0,0.09333333333333334,0,0,0,0.26666666666666666,0,0,0,0,0.13333333333333333,0,0,0,0,0,0,0,0,0,0,0,0,0,0,0.6066666666666667,0,0,0,0,0,0,0,0,0,0,0,0,0,0,0,0,0,0,0,0,0,0,0,0,0,0,0,0,0,0,0,0,0.006666666666666667,0,0,0,0,0,0,0,0,0,0,0,0,0,0,0
1611221610381352,0.006666666666666667,0,0,0,0,0,0,0,0,0,0,0.08,0,0,0,0,0,0,0.36,0,0.006666666666666667,0,0,0,0,0,0,0,0,0,0,0,0,0,0,0.013333333333333334,0,0,0,0,0.02,0,0,0,0,0,0,0,0.08,0,0,0.28,0,0,0,0,0,0,0,0,0,0,0,0,0,0,0,0,0,0,0,0.29333333333333333,0,0,0,0,0,0.013333333333333334,0,0,0,0,0,0,0,0,0.006666666666666667,0,0,0,0.02,0.006666666666666667,0,0,0,0,0,0,0,0,0,0,0,0,0.02,0,0,0,0,0,0,0,0,0,0,0.006666666666666667,0.013333333333333334,0,0,0
1708011957309320,0,0,0,0,0.05333333333333334,0,0,0,0,0,0,0.19333333333333333,0,0,0,0,0,0,0,0,0.13333333333333333,0,0,0,0,0,0,0.006666666666666667,0.006666666666666667,0,0,0,0,0,0,0.03333333333333333,0,0,0,0,0,0,0,0,0,0,0,0,0,0,0,0.58,0,0,0,0,0,0,0,0,0,0,0,0,0,0,0,0.013333333333333334,0,0,0,0.3933333333333333,0,0,0,0,0,0,0,0,0,0,0,0,0,0,0,0,0,0,0,0,0,0,0,0,0,0,0,0,0,0,0,0,0.013333333333333334,0.16666666666666666,0,0,0,0,0,0,0,0,0,0,0.04,0,0,0
1708031555568660,0,0,0,0,0,0,0,0,0,0,0,0.30666666666666664,0,0.006666666666666667,0,0,0,0,0,0,0,0,0,0,0,0,0,0.006666666666666667,0,0,0,0,0,0,0,0.006666666666666667,0,0,0,0,0,0,0,0,0,0,0,0,0,0,0,0.41333333333333333,0,0,0,0,0,0,0,0,0,0,0,0,0,0,0,0.013333333333333334,0,0,0,0.4066666666666667,0,0,0,0,0,0,0,0,0,0,0,0,0,0,0,0,0,0,0,0,0,0.006666666666666667,0,0,0,0,0,0,0,0,0,0,0,0,0,0,0,0,0,0,0,0,0,0,0.013333333333333334,0,0,0
1708041143501593,0,0,0,0,0,0.006666666666666667,0,0,0,0,0,0.12,0,0,0,0,0,0,0,0,0,0,0,0.02666666666666667,0,0,0,0,0,0,0.006666666666666667,0,0,0,0,0.013333333333333334,0,0,0,0,0,0,0,0,0,0,0.006666666666666667,0.02,0,0.006666666666666667,0,0.7533333333333333,0,0,0,0,0,0,0,0,0,0,0,0,0,0,0.006666666666666667,0,0,0,0,0.30666666666666664,0,0,0,0,0,0.02,0,0,0.013333333333333334,0,0.013333333333333334,0,0,0,0,0,0,0.15333333333333332,0,0,0,0.15333333333333332,0,0.013333333333333334,0.2866666666666667,0,0,0,0,0,0,0,0,0,0,0,0,0,0,0,0,0,0,0,0.04666666666666667,0.013333333333333334,0,0
1708071606473313,0,0,0.006666666666666667,0,0,0.04,0,0,0.02,0,0,0.08666666666666667,0,0,0,0,0,0,0,0.006666666666666667,0.006666666666666667,0,0.14,0.03333333333333333,0,0,0,0,0,0,0,0,0,0,0,0.02,0,0,0.006666666666666667,0,0,0,0,0,0,0,0,0.013333333333333334,0.03333333333333333,0,0,0.7,0,0,0,0.06666666666666667,0,0,0,0.006666666666666667,0,0,0,0,0,0,0,0,0,0,0,0.38666666666666666,0,0,0.006666666666666667,0,0,0,0,0,0,0.006666666666666667,0.02666666666666667,0,0,0,0,0,0,0,0,0,0.02,0.06,0,0,0.11333333333333333,0,0,0,0,0,0,0,0,0,0.03333333333333333,0,0,0,0,0,0,0,0,0,0.08666666666666667,0,0,0
1708082009045600,0,0,0,0,0,0,0,0,0,0,0,0.31333333333333335,0,0,0,0,0,0,0,0,0,0,0,0,0,0,0,0,0,0,0,0,0,0,0,0,0,0,0,0,0,0,0,0,0,0,0,0,0,0,0,0.56,0,0,0,0,0,0,0,0,0,0,0,0,0,0,0,0.02,0,0,0,0.5533333333333333,0,0,0,0,0,0,0,0,0,0,0,0,0,0,0,0,0,0,0,0,0,0,0,0,0,0,0,0,0,0,0,0,0,0,0,0,0,0,0,0,0,0,0,0,0.013333333333333334,0,0,0
1708091916211533,0,0.02666666666666667,0.013333333333333334,0.05333333333333334,0,0.04666666666666667,0.03333333333333333,0,0,0,0,0.08,0,0,0,0,0,0,0,0.03333333333333333,0,0,0,0,0.02666666666666667,0,0,0,0,0.006666666666666667,0,0,0,0,0,0.013333333333333334,0,0,0.04666666666666667,0,0,0,0,0,0,0,0.02,0.006666666666666667,0,0,0,0.8666666666666667,0,0,0,0,0,0,0,0,0,0,0,0,0,0,0,0,0,0.02666666666666667,0,0.32666666666666666,0,0,0,0,0,0.013333333333333334,0,0,0,0.006666666666666667,0.02,0.006666666666666667,0,0,0.04,0,0,0,0,0,0,0.09333333333333334,0,0.12666666666666668,0.08666666666666667,0,0,0,0,0,0,0.006666666666666667,0,0,0.05333333333333334,0,0,0,0.013333333333333334,0,0,0,0,0,0.11333333333333333,0.013333333333333334,0.006666666666666667,0
1708161903245627,0,0,0.04,0,0,0.013333333333333334,0.013333333333333334,0,0.02,0,0,0.1,0,0,0,0,0,0,0,0.006666666666666667,0.013333333333333334,0,0.08,0,0.013333333333333334,0,0,0,0,0,0.006666666666666667,0,0,0,0,0,0,0,0.006666666666666667,0,0,0,0,0,0,0.006666666666666667,0,0.006666666666666667,0.10666666666666667,0,0,0.8333333333333334,0,0,0,0,0.013333333333333334,0,0,0,0,0,0,0,0.006666666666666667,0,0,0,0,0.03333333333333333,0,0.2,0,0,0,0,0,0.07333333333333333,0,0,0,0,0.013333333333333334,0,0,0,0,0,0,0,0,0,0,0.1,0.006666666666666667,0.13333333333333333,0.3,0,0,0,0,0,0,0,0,0,0.03333333333333333,0,0,0,0,0,0,0,0,0,0.07333333333333333,0.02,0,0
1708210743038551,0,0,0.02666666666666667,0,0,0,0,0,0,0.006666666666666667,0,0.05333333333333334,0,0.013333333333333334,0,0,0,0,0,0,0.07333333333333333,0,0.07333333333333333,0.013333333333333334,0.04,0,0,0,0,0,0.006666666666666667,0,0,0,0,0.12,0,0,0,0,0,0,0,0,0,0,0.006666666666666667,0.02,0.08666666666666667,0,0,0.74,0,0,0,0,0,0,0,0,0.006666666666666667,0,0,0,0,0.006666666666666667,0,0.006666666666666667,0,0.006666666666666667,0,0.36,0,0,0,0,0,0,0,0,0.006666666666666667,0,0.02,0,0,0,0.013333333333333334,0,0,0,0,0,0,0.08,0,0,0.18666666666666668,0,0,0,0,0,0,0,0.006666666666666667,0,0.09333333333333334,0,0,0,0,0,0,0,0,0,0.02666666666666667,0.006666666666666667,0,0
1708301948377795,0,0,0,0,0,0.013333333333333334,0,0,0.013333333333333334,0,0,0,0,0,0,0,0,0,0,0,0,0,0,0.02,0,0,0,0,0,0,0,0,0,0,0,0.013333333333333334,0,0,0,0,0,0,0,0,0,0,0,0,0,0,0,0.7,0,0,0,0.03333333333333333,0,0,0,0,0,0,0,0,0,0,0,0,0,0,0,0.3933333333333333,0,0,0,0,0,0,0,0,0,0,0,0,0,0,0,0,0,0,0,0,0,0.06666666666666667,0,0,0.5133333333333333,0,0,0,0,0,0,0,0,0,0.02666666666666667,0,0,0,0,0,0,0,0,0,0.05333333333333334,0,0,0
1708302111558848,0,0,0,0,0,0,0,0,0,0,0,0,0,0,0,0,0,0,0,0,0,0,0,0,0,0,0,0,0,0,0,0,0,0,0,0,0,0,0,0,0,0,0,0,0,0,0,0.006666666666666667,0,0,0,0.44666666666666666,0,0,0,0.14,0,0,0,0,0,0,0,0,0,0,0,0,0,0,0,0.76,0,0,0,0,0,0,0,0,0,0,0,0,0,0,0,0,0,0.09333333333333334,0,0,0,0,0,0,0,0,0,0,0,0,0,0,0,0,0,0.006666666666666667,0,0,0,0,0,0,0,0,0.07333333333333333,0,0,0
1709051754389859,0.013333333333333334,0,0,0,0,0,0,0,0,0.006666666666666667,0,0.17333333333333334,0,0,0,0,0,0,0.07333333333333333,0,0,0,0,0,0,0,0,0,0,0,0,0,0,0,0,0.013333333333333334,0,0,0,0,0,0,0,0,0,0,0,0.02,0,0,0,0.6066666666666667,0,0,0,0.10666666666666667,0,0,0,0,0,0,0,0,0,0,0,0,0,0,0,0.6333333333333333,0,0,0,0,0,0,0,0,0,0,0,0,0,0,0,0,0,0,0,0,0,0,0,0,0,0,0,0,0,0,0,0,0,0,0,0,0,0,0,0,0,0,0,0,0.09333333333333334,0,0,0
1709061915266582,0,0,0,0,0,0,0,0,0,0,0,0.013333333333333334,0,0,0,0,0,0,0.14666666666666667,0,0.013333333333333334,0,0,0,0.013333333333333334,0,0.006666666666666667,0,0,0,0,0,0,0,0,0,0,0,0,0,0,0,0,0,0,0,0,0,0.25333333333333335,0,0,0.8,0,0,0,0,0,0,0,0,0,0,0,0,0,0,0,0,0,0,0,0.54,0,0,0,0,0,0,0,0,0,0,0,0,0,0,0,0,0,0.12666666666666668,0,0,0,0,0,0,0,0,0,0,0,0,0,0,0.006666666666666667,0,0,0,0,0,0,0,0,0,0,0,0.04666666666666667,0,0,0
1709190755056056,0.06,0,0,0,0,0,0,0,0,0,0,0.02,0,0,0,0,0,0,0.13333333333333333,0,0.05333333333333334,0,0,0,0,0,0.006666666666666667,0.006666666666666667,0,0,0,0,0,0,0,0.17333333333333334,0,0,0,0,0,0,0,0,0,0,0,0.10666666666666667,0.06666666666666667,0,0,0.8533333333333334,0,0,0,0,0,0,0,0,0,0,0.006666666666666667,0,0,0,0,0,0,0,0,0.37333333333333335,0,0,0,0,0,0,0,0,0,0,0,0,0,0,0,0,0,0,0,0,0,0.02,0,0,0,0,0,0,0,0,0,0,0,0,0,0,0,0,0,0,0,0,0,0,0.3933333333333333,0,0,0
1709220852306101,0,0,0,0,0,0,0,0,0,0,0,0.04,0,0,0,0,0,0,0.07333333333333333,0,0,0,0,0,0,0,0,0,0,0,0,0,0,0,0,0,0,0,0,0,0,0,0,0,0,0,0,0,0,0,0.02,0.38,0,0,0,0.10666666666666667,0,0,0,0,0,0,0,0,0,0,0,0,0,0,0,0.72,0,0,0,0,0,0,0,0,0,0,0,0,0,0,0,0,0,0,0,0,0,0,0,0,0,0.013333333333333334,0,0,0,0,0.013333333333333334,0,0,0,0,0,0,0,0,0,0,0,0,0,0.07333333333333333,0,0,0
1709221418572786,0,0,0,0,0,0,0,0,0,0,0,0.2,0,0,0,0,0,0,0.2,0,0,0,0,0,0,0,0,0,0,0,0,0,0,0,0,0.11333333333333333,0,0,0,0,0,0,0,0,0,0,0,0,0,0,0,0.5866666666666667,0,0,0,0,0,0,0,0,0,0,0,0,0,0,0,0,0,0,0,0.5133333333333333,0,0,0.013333333333333334,0,0,0,0,0,0,0,0,0,0,0,0,0,0,0,0,0,0,0,0,0,0,0,0,0,0,0,0,0,0.006666666666666667,0,0,0,0,0,0,0,0,0,0,0,0.05333333333333334,0,0,0
1709250715107701,0,0,0,0,0,0,0,0,0,0.02666666666666667,0,0.04666666666666667,0,0,0,0,0,0,0.18666666666666668,0,0,0,0,0,0,0,0,0,0,0,0,0,0,0,0,0.04666666666666667,0,0,0,0,0,0,0,0,0,0,0,0.006666666666666667,0.11333333333333333,0,0,0.6733333333333333,0,0,0,0,0,0,0,0,0,0,0,0,0,0,0,0,0,0,0,0.5066666666666667,0,0,0,0,0,0,0,0,0,0,0,0,0,0,0,0,0,0,0.013333333333333334,0,0,0,0,0,0,0,0,0,0,0,0.03333333333333333,0,0.05333333333333334,0,0,0,0,0,0,0,0,0,0,0,0.16,0,0,0
1709251004505850,0,0,0,0,0,0,0,0,0,0.013333333333333334,0,0.14,0,0,0,0,0,0,0.14666666666666667,0,0,0,0,0,0,0,0,0,0,0,0,0,0,0,0,0,0,0,0,0,0,0,0,0,0,0,0,0,0.03333333333333333,0,0,0.5066666666666667,0,0,0,0.07333333333333333,0,0,0,0,0,0,0,0,0,0,0,0,0,0,0,0.5533333333333333,0,0,0,0,0,0,0,0,0,0,0,0,0,0,0,0,0,0.07333333333333333,0,0,0,0,0,0,0,0,0,0,0,0,0,0,0,0,0,0,0,0,0,0,0,0,0,0,0.02666666666666667,0,0,0
